Place_Id,Place_Name,Category,City,Price,Rating,Time_Minutes
1,Monumen Nasional,Budaya,Jakarta,20000,4.6,15.0
2,Kota Tua,Budaya,Jakarta,0,4.6,90.0
3,Dunia Fantasi,Taman Hiburan,Jakarta,270000,4.6,360.0
4,Taman Mini Indonesia Indah (TMII),Taman Hiburan,Jakarta,10000,4.5,
5,Atlantis Water Adventure,Taman Hiburan,Jakarta,94000,4.5,60.0
6,Taman Impian Jaya Ancol,Taman Hiburan,Jakarta,25000,4.5,10.0
7,Kebun Binatang Ragunan,Cagar Alam,Jakarta,4000,4.5,
8,Ocean Ecopark,Taman Hiburan,Jakarta,180000,4.0,
9,Pelabuhan Marina,Bahari,Jakarta,175000,4.4,
10,Pulau Tidung,Bahari,Jakarta,150000,4.5,
11,Pulau Bidadari,Bahari,Jakarta,5000,4.6,
12,Pulau Pari,Bahari,Jakarta,150000,4.0,
13,Pulau Pramuka,Bahari,Jakarta,5000,4.2,
14,Pulau Pelangi,Bahari,Jakarta,900000,4.8,
15,Pasar Seni,Pusat Perbelanjaan,Jakarta,0,4.4,90.0
16,Jembatan Kota Intan,Budaya,Jakarta,0,4.3,
17,Museum Fatahillah,Budaya,Jakarta,5000,4.4,
18,Museum Bank Indonesia,Budaya,Jakarta,2000,4.7,
19,Kidzania,Taman Hiburan,Jakarta,185000,4.6,300.0
20,Museum Taman Prasasti,Budaya,Jakarta,2000,4.5,90.0
21,Museum Wayang,Budaya,Jakarta,5000,4.5,150.0
22,Masjid Istiqlal,Tempat Ibadah,Jakarta,0,4.7,
23,Gereja Katedral,Tempat Ibadah,Jakarta,0,4.8,
24,Museum Nasional,Budaya,Jakarta,5000,4.6,
25,Pasar Tanah Abang,Pusat Perbelanjaan,Jakarta,0,4.0,45.0
26,Pecinan Glodok,Pusat Perbelanjaan,Jakarta,0,4.3,20.0
27,Sea World,Taman Hiburan,Jakarta,115000,4.5,180.0
28,Wisata Agro Edukatif Istana Susu Cibugary,Taman Hiburan,Jakarta,35000,4.5,
29,Wisata Kuliner Pecenongan,Pusat Perbelanjaan,Jakarta,0,5.0,
30,Taman Menteng,Taman Hiburan,Jakarta,0,4.5,
31,Wisata Alam Mangrove Angke,Cagar Alam,Jakarta,25000,4.3,
32,Setu Babakan,Budaya,Jakarta,0,4.4,
33,Taman Suropati,Taman Hiburan,Jakarta,0,4.6,
34,Pasar Taman Puring,Pusat Perbelanjaan,Jakarta,0,4.4,60.0
35,Grand Indonesia Mall,Pusat Perbelanjaan,Jakarta,0,4.7,120.0
36,Skyrink - Mall Taman Anggrek,Taman Hiburan,Jakarta,110000,4.5,180.0
37,Bumi Perkemahan Cibubur,Taman Hiburan,Jakarta,10000,4.5,
38,Istana Negara Republik Indonesia,Budaya,Jakarta,0,4.6,
39,Museum Macan (Modern and Contemporary Art in Nusantara),Budaya,Jakarta,100000,4.5,120.0
40,Galeri Nasional Indonesia,Budaya,Jakarta,0,4.6,
41,Museum Bahari Jakarta,Budaya,Jakarta,2000,4.4,120.0
42,Museum Seni Rupa dan Kramik,Budaya,Jakarta,5000,4.4,
43,The Escape Hunt,Taman Hiburan,Jakarta,70000,4.4,120.0
44,Monumen Selamat Datang,Budaya,Jakarta,0,4.7,15.0
45,Jakarta Aquarium dan Safari,Taman Hiburan,Jakarta,185000,4.6,
46,Pulau Semak Daun,Bahari,Jakarta,40000,4.0,
47,Taman Situ Lembang,Taman Hiburan,Jakarta,0,4.5,
48,Taman Ismail Marzuki,Budaya,Jakarta,5000,4.6,
49,Galeri Indonesia Kaya,Budaya,Jakarta,0,4.8,90.0
50,Museum Joang 45,Budaya,Jakarta,2000,4.0,
51,Jakarta Planetarium,Taman Hiburan,Jakarta,12000,4.1,120.0
52,Kampung Cina,Budaya,Jakarta,15000,4.5,
53,Rumah Sipitung,Budaya,Jakarta,5000,4.5,90.0
54,Taman Agrowisata Cilangkap,Taman Hiburan,Jakarta,0,4.2,
55,Klenteng Jin De Yuan,Tempat Ibadah,Jakarta,0,4.5,
56,Pantai Ancol,Bahari,Jakarta,25000,4.4,
57,Taman Lapangan Banteng,Taman Hiburan,Jakarta,0,4.7,
58,Taman Ayodya,Taman Hiburan,Jakarta,0,4.4,45.0
59,Museum Sumpah Pemuda,Budaya,Jakarta,2000,4.7,
60,Museum Tekstil,Budaya,Jakarta,5000,4.5,45.0
61,Tugu Proklamasi,Budaya,Jakarta,0,4.6,
62,Taman Legenda Keong Emas,Taman Hiburan,Jakarta,30000,4.5,
63,Museum Kebangkitan Nasional,Budaya,Jakarta,2000,4.7,45.0
64,Museum Sasmita Loka Ahmad Yani,Budaya,Jakarta,2000,4.7,45.0
65,Museum Basoeki Abdullah,Budaya,Jakarta,1000,4.6,90.0
66,Museum Layang-layang,Budaya,Jakarta,10000,4.5,90.0
67,Margasatwa Muara Angke,Cagar Alam,Jakarta,25000,4.2,15.0
68,Pasar Petak Sembilan,Pusat Perbelanjaan,Jakarta,0,4.4,45.0
69,Freedom Library,Budaya,Jakarta,0,5.0,
70,Perpustakaan Nasional,Budaya,Jakarta,0,4.7,240.0
71,Cibubur Garden Diary (Cibugary),Cagar Alam,Jakarta,50000,4.5,
72,Waterboom PIK (Pantai Indah Kapuk),Taman Hiburan,Jakarta,300000,4.4,
73,Museum Perangko,Budaya,Jakarta,5000,4.4,
74,Museum Tengah Kebun,Budaya,Jakarta,0,4.6,120.0
75,SnowBay Waterpark,Taman Hiburan,Jakarta,180000,4.3,
76,Taman Cattleya,Taman Hiburan,Jakarta,20000,4.5,
77,Taman Hutan Tebet,Taman Hiburan,Jakarta,0,4.4,60.0
78,Hutan Kota Srengseng,Taman Hiburan,Jakarta,1000,4.3,
79,Taman Spathodea,Taman Hiburan,Jakarta,0,4.6,30.0
80,Plaza Indonesia,Pusat Perbelanjaan,Jakarta,0,4.7,120.0
81,Mall Thamrin City,Pusat Perbelanjaan,Jakarta,0,4.4,60.0
82,Museum Satria Mandala,Budaya,Jakarta,5000,4.5,150.0
83,Alive Museum Ancol,Taman Hiburan,Jakarta,200000,4.3,
84,Kawasan Kuliner BSM,Pusat Perbelanjaan,Jakarta,0,4.6,
85,Taman Pintar Yogyakarta,Taman Hiburan,Yogyakarta,6000,4.5,120.0
86,Keraton Yogyakarta,Budaya,Yogyakarta,15000,4.6,
87,Sindu Kusuma Edupark (SKE),Taman Hiburan,Yogyakarta,20000,4.2,120.0
88,Museum Benteng Vredeburg Yogyakarta,Budaya,Yogyakarta,3000,4.6,120.0
89,De Mata Museum Jogja,Budaya,Yogyakarta,50000,4.4,
90,Kampung Wisata Taman Sari,Taman Hiburan,Yogyakarta,5000,4.6,
91,Situs Warungboto,Taman Hiburan,Yogyakarta,0,4.4,60.0
92,Nol Kilometer Jl.Malioboro,Taman Hiburan,Yogyakarta,0,4.7,45.0
93,Gembira Loka Zoo,Cagar Alam,Yogyakarta,60000,4.5,
94,Sumur Gumuling,Taman Hiburan,Yogyakarta,7000,4.5,
95,Desa Wisata Sungai Code Jogja Kota,Taman Hiburan,Yogyakarta,0,5.0,
96,Alun Alun Selatan Yogyakarta,Taman Hiburan,Yogyakarta,0,4.6,60.0
97,Monumen Yogya Kembali,Budaya,Yogyakarta,15000,4.5,30.0
98,Taman Pelangi Yogyakarta,Taman Hiburan,Yogyakarta,15000,4.3,60.0
99,Kampung Wisata Kadipaten,Budaya,Yogyakarta,0,4.4,
100,Taman Budaya Yogyakarta,Budaya,Yogyakarta,0,4.5,210.0
101,Kampung Wisata Sosro Menduran,Budaya,Yogyakarta,0,4.0,
102,Monumen Batik Yogyakarta,Budaya,Yogyakarta,40000,4.5,15.0
103,Tugu Pal Putih Jogja,Taman Hiburan,Yogyakarta,0,4.7,15.0
104,Tebing Breksi,Budaya,Yogyakarta,20000,4.4,
105,Candi Donotirto,Budaya,Yogyakarta,0,4.4,25.0
106,Kawasan Malioboro,Taman Hiburan,Yogyakarta,0,4.8,
107,Bangsal Pagelaran,Budaya,Yogyakarta,5000,4.6,
108,Embung Tambakboyo,Taman Hiburan,Yogyakarta,0,4.4,
109,Hutan Pinus Pengger,Taman Hiburan,Yogyakarta,3000,4.5,
110,Monumen Serangan Umum 1 Maret,Taman Hiburan,Yogyakarta,3000,4.6,
111,Puncak Pinus Becici,Taman Hiburan,Yogyakarta,3000,4.5,
112,Bukit Bintang Yogyakarta,Taman Hiburan,Yogyakarta,25000,4.5,90.0
113,Gedung Agung Yogyakarta,Budaya,Yogyakarta,0,4.6,
114,The Lost World Castle,Taman Hiburan,Yogyakarta,30000,4.3,
115,Monumen Sanapati,Budaya,Yogyakarta,15000,4.3,
116,Jurang Tembelan Kanigoro,Taman Hiburan,Yogyakarta,2500,4.5,45.0
117,The World Landmarks - Merapi Park Yogyakarta,Taman Hiburan,Yogyakarta,22000,4.2,90.0
118,Museum Sonobudoyo Unit I,Budaya,Yogyakarta,5000,4.6,120.0
119,Lava Bantal,Budaya,Yogyakarta,5000,4.4,30.0
120,Bukit Panguk Kediwung,Budaya,Yogyakarta,250000,4.5,90.0
121,Candi Prambanan,Budaya,Yogyakarta,50000,4.7,
122,Watu Goyang,Budaya,Yogyakarta,2500,4.4,45.0
123,Kampung Wisata Rejowinangun,Budaya,Yogyakarta,0,4.3,
124,Kauman Pakualaman Yogyakarta,Budaya,Yogyakarta,0,5.0,
125,Alun-alun Utara Keraton Yogyakarta,Budaya,Yogyakarta,0,4.6,60.0
126,Pantai Goa Cemara,Bahari,Yogyakarta,4000,4.3,
127,Blue Lagoon Jogja,Taman Hiburan,Yogyakarta,10000,4.3,
128,Gumuk Pasir Parangkusumo,Taman Hiburan,Yogyakarta,0,4.5,90.0
129,Bukit Lintang Sewu,Taman Hiburan,Yogyakarta,2000,4.5,60.0
130,Studio Alam Gamplong,Taman Hiburan,Yogyakarta,10000,4.4,120.0
131,Watu Lumbung,Cagar Alam,Yogyakarta,5000,4.3,30.0
132,Air Terjun Kedung Pedut,Cagar Alam,Yogyakarta,20000,4.5,60.0
133,Puncak Kebun Buah Mangunan,Taman Hiburan,Yogyakarta,5000,4.6,90.0
134,Desa Wisata Gamplong,Taman Hiburan,Yogyakarta,10000,4.4,60.0
135,Kawasan Wisata Sosrowijayan,Pusat Perbelanjaan,Yogyakarta,0,4.0,
136,Grojogan Watu Purbo Bangunrejo,Taman Hiburan,Yogyakarta,10000,4.5,90.0
137,Wisata Alam Kalibiru,Cagar Alam,Yogyakarta,20000,4.4,90.0
138,Jogja Exotarium,Taman Hiburan,Yogyakarta,20000,4.4,120.0
139,Puncak Gunung Api Purba - Nglanggeran,Cagar Alam,Yogyakarta,10000,4.7,60.0
140,Bendung Lepen,Taman Hiburan,Yogyakarta,0,4.6,60.0
141,Bunker Kaliadem Merapi,Cagar Alam,Yogyakarta,3000,4.5,45.0
142,Ledok Sambi,Cagar Alam,Yogyakarta,0,4.6,150.0
143,Seribu Batu Songgo Langit,Cagar Alam,Yogyakarta,2000,4.6,90.0
144,Goa Jomblang,Cagar Alam,Yogyakarta,500000,4.6,
145,Desa Wisata Rumah Domes/Teletubbies,Taman Hiburan,Yogyakarta,5000,4.1,60.0
146,Bukit Wisata Pulepayung,Cagar Alam,Yogyakarta,10000,4.5,
147,Bentara Budaya Yogyakarta (BBY),Budaya,Yogyakarta,0,4.5,
148,Goa Rancang Kencono,Cagar Alam,Yogyakarta,5000,4.3,30.0
149,Goa Cerme,Cagar Alam,Yogyakarta,3000,4.4,90.0
150,Wisata Kraton Jogja,Budaya,Yogyakarta,7000,4.7,
151,Desa Wisata Kelor,Taman Hiburan,Yogyakarta,0,4.4,90.0
152,Pantai Patihan,Bahari,Yogyakarta,5000,4.1,45.0
153,Pantai Kukup,Bahari,Yogyakarta,10000,4.0,
154,Pantai Ngrawe (Mesra),Bahari,Yogyakarta,10000,4.5,
155,Pantai Ngobaran,Bahari,Yogyakarta,5000,4.6,
156,Pantai Pulang Sawal,Bahari,Yogyakarta,10000,4.5,
157,Pantai Baron,Bahari,Yogyakarta,10000,4.4,
158,Pantai Pok Tunggal,Bahari,Yogyakarta,10000,4.5,
159,Hutan Pinus Asri,Cagar Alam,Yogyakarta,2500,4.5,
160,Pasar Kebon Empring Bintaran,Pusat Perbelanjaan,Yogyakarta,0,4.4,
161,"Bukit Paralayang, Watugupit",Cagar Alam,Yogyakarta,5000,4.7,90.0
162,Kampung Wisata Dipowinatan,Budaya,Yogyakarta,220000,4.5,
163,Watu Mabur Mangunan,Cagar Alam,Yogyakarta,2500,4.5,60.0
164,Pintoe Langit Dahromo,Cagar Alam,Yogyakarta,2500,4.4,60.0
165,Green Village Gedangsari,Taman Hiburan,Yogyakarta,2000,4.2,60.0
166,Kebun Teh Nglinggo,Cagar Alam,Yogyakarta,6000,4.5,
167,Geoforest Watu Payung Turunan,Cagar Alam,Yogyakarta,0,4.5,60.0
168,Pantai Timang,Bahari,Yogyakarta,10000,4.7,90.0
169,Puncak Segoro,Cagar Alam,Yogyakarta,5000,4.2,90.0
170,Candi Borobudur,Budaya,Yogyakarta,50000,4.7,120.0
171,Candi Ijo,Budaya,Yogyakarta,5000,4.6,60.0
172,Pantai Indrayanti,Bahari,Yogyakarta,10000,4.5,
173,Pantai Nglambor,Bahari,Yogyakarta,10000,4.4,
174,Pasar Beringharjo,Pusat Perbelanjaan,Yogyakarta,0,4.5,60.0
175,Museum Ullen Sentalu,Budaya,Yogyakarta,100000,4.7,120.0
176,Museum Gunung Merapi,Budaya,Yogyakarta,10000,4.4,60.0
177,Pantai Parangtritis,Bahari,Yogyakarta,10000,4.5,
178,Goa Pindul,Cagar Alam,Yogyakarta,40000,4.5,
179,Candi Ratu Boko,Budaya,Yogyakarta,75000,4.6,90.0
180,Pantai Depok Jogja,Bahari,Yogyakarta,10000,4.3,
181,Pantai Sundak,Bahari,Yogyakarta,5000,4.5,
182,Hutan Mangrove Kulon Progo,Bahari,Yogyakarta,5000,4.1,120.0
183,Jogja Bay Pirates Adventure Waterpark,Taman Hiburan,Yogyakarta,150000,4.4,
184,Pantai Sepanjang,Bahari,Yogyakarta,10000,4.4,120.0
185,Pantai Krakal,Bahari,Yogyakarta,10000,4.5,
186,Pantai Glagah,Bahari,Yogyakarta,5000,4.4,
187,Pantai Siung,Bahari,Yogyakarta,10000,4.6,
188,Pantai Sadranan,Bahari,Yogyakarta,10000,4.6,
189,Pantai Nguluran,Bahari,Yogyakarta,10000,4.1,
190,Pantai Samas,Bahari,Yogyakarta,4000,4.0,45.0
191,Pantai Drini,Bahari,Yogyakarta,10000,4.5,
192,Air Terjun Sri Gethuk,Cagar Alam,Yogyakarta,15000,4.4,
193,Candi Sewu,Budaya,Yogyakarta,50000,4.6,
194,Pantai Wediombo,Bahari,Yogyakarta,5000,4.5,
195,Pantai Jogan,Bahari,Yogyakarta,5000,4.4,
196,Pantai Ngrenehan,Bahari,Yogyakarta,3000,4.4,
197,Pantai Jungwok,Bahari,Yogyakarta,5000,4.6,
198,Pantai Greweng,Bahari,Yogyakarta,5000,4.6,
199,Pantai Sedahan,Bahari,Yogyakarta,5000,4.5,
200,Pantai Watu Kodok,Bahari,Yogyakarta,5000,4.6,
201,Pantai Kesirat,Bahari,Yogyakarta,5000,4.6,90.0
202,Pantai Ngandong,Bahari,Yogyakarta,10000,4.5,
203,Galaxy Waterpark Jogja,Taman Hiburan,Yogyakarta,40000,4.3,
204,Desa Wisata Pulesari,Taman Hiburan,Yogyakarta,0,4.4,
205,Desa Wisata Tembi,Taman Hiburan,Yogyakarta,50000,4.5,
206,Wisata Kaliurang,Cagar Alam,Yogyakarta,8000,4.4,60.0
207,Heha Sky View,Taman Hiburan,Yogyakarta,15000,4.4,120.0
208,Taman Sungai Mudal,Cagar Alam,Yogyakarta,10000,4.6,150.0
209,Pantai Sanglen,Bahari,Yogyakarta,10000,4.5,
210,Pantai Congot,Bahari,Yogyakarta,3000,4.3,
211,GunungTangkuban perahu,Cagar Alam,Bandung,30000,4.5,
212,Jalan Braga,Budaya,Bandung,0,4.7,
213,Gedung Sate,Budaya,Bandung,5000,4.6,
214,Trans Studio Bandung,Taman Hiburan,Bandung,280000,4.5,240.0
215,Taman Hutan Raya Ir. H. Djuanda,Cagar Alam,Bandung,15000,4.5,90.0
216,Farm House Susu Lembang,Taman Hiburan,Bandung,30000,4.4,
217,Kebun Binatang Bandung,Cagar Alam,Bandung,20000,4.0,180.0
218,Kawah Putih,Cagar Alam,Bandung,81000,4.5,
219,Tebing Karaton,Cagar Alam,Bandung,15000,4.5,
220,Dusun Bambu,Taman Hiburan,Bandung,25000,4.5,
221,Museum Geologi Bandung,Budaya,Bandung,2000,4.6,
222,Museum Konferensi Asia Afrika,Budaya,Bandung,0,4.6,60.0
223,Masjid Raya Bandung,Tempat Ibadah,Bandung,0,4.7,
224,Dago Dreampark,Taman Hiburan,Bandung,40000,4.2,150.0
225,Orchid Forest Cikole,Taman Hiburan,Bandung,50000,4.6,150.0
226,Kawasan Punclut,Taman Hiburan,Bandung,20000,4.4,120.0
227,Alun-Alun Kota Bandung,Taman Hiburan,Bandung,0,4.6,60.0
228,Museum Sri Baduga,Budaya,Bandung,3000,4.5,
229,Rabbit Town,Taman Hiburan,Bandung,45000,4.0,90.0
230,Stone Garden Citatah,Taman Hiburan,Bandung,30000,4.4,
231,The Great Asia Africa,Taman Hiburan,Bandung,50000,4.4,180.0
232,Bukit Moko,Cagar Alam,Bandung,25000,4.5,
233,Gunung Papandayan,Cagar Alam,Bandung,30000,4.6,
234,Amazing Art World,Budaya,Bandung,75000,4.5,45.0
235,Gua Belanda,Cagar Alam,Bandung,15000,4.4,45.0
236,Taman Balai Kota Bandung,Taman Hiburan,Bandung,0,4.6,45.0
237,Panghegar Waterboom Bandung,Taman Hiburan,Bandung,75000,4.3,
238,Gunung Manglayang,Cagar Alam,Bandung,7500,4.5,
239,Lembang Park & Zoo,Cagar Alam,Bandung,50000,4.5,210.0
240,Taman Lalu Lintas Ade Irma Suryani Nasution,Taman Hiburan,Bandung,7000,4.4,60.0
241,Lawangwangi Creative Space,Taman Hiburan,Bandung,0,4.4,120.0
242,Curug Dago,Cagar Alam,Bandung,12000,4.0,
243,Kampung Korea Bandung,Budaya,Bandung,15000,4.1,
244,Kampung Batu Malakasari,Taman Hiburan,Bandung,10000,4.1,
245,Jendela Alam,Taman Hiburan,Bandung,20000,4.4,150.0
246,Curug Tilu Leuwi Opat,Cagar Alam,Bandung,10000,4.4,120.0
247,Kiara Artha Park,Taman Hiburan,Bandung,15000,4.4,
248,NuArt Sculpture Park,Taman Hiburan,Bandung,50000,4.7,
249,Upside Down World Bandung,Taman Hiburan,Bandung,100000,4.0,30.0
250,Pesona Nirwana Waterpark & Cottages,Taman Hiburan,Bandung,50000,4.1,
251,Taman Lansia,Taman Hiburan,Bandung,0,4.4,
252,Kampoeng Tulip,Taman Hiburan,Bandung,15000,3.8,60.0
253,Selasar Sunaryo Art Space,Taman Hiburan,Bandung,25000,4.6,
254,Teras Cikapundung BBWS,Taman Hiburan,Bandung,0,4.3,60.0
255,Museum Barli,Budaya,Bandung,15000,4.4,180.0
256,Wisata Batu Kuda,Cagar Alam,Bandung,10000,4.4,
257,Monumen Bandung Lautan Api,Budaya,Bandung,0,4.3,
258,Museum Gedung Sate,Budaya,Bandung,5000,4.6,
259,Monumen Perjuangan Rakyat Jawa Barat,Budaya,Bandung,0,4.5,45.0
260,Museum Pos Indonesia,Budaya,Bandung,0,4.5,
261,Ciwangun Indah Camp Official,Cagar Alam,Bandung,10000,4.3,
262,Wot Batu,Cagar Alam,Bandung,50000,4.7,
263,Curug Batu Templek,Cagar Alam,Bandung,5000,4.1,90.0
264,Gereja Katedral Santo Petrus Bandung,Tempat Ibadah,Bandung,0,4.8,
265,Museum Mandala Wangsit Siliwangi,Budaya,Bandung,0,4.4,60.0
266,Caringin Tilu,Cagar Alam,Bandung,0,4.4,
267,Panama Park 825,Taman Hiburan,Bandung,50000,4.4,
268,Sudut Pandang Bandung,Taman Hiburan,Bandung,50000,4.6,150.0
269,Bumi Perkemahan Batu Kuda,Cagar Alam,Bandung,7500,4.5,
270,Bukit Bintang,Cagar Alam,Bandung,25000,4.6,
271,Taman Vanda,Taman Hiburan,Bandung,0,4.3,45.0
272,Taman Budaya Jawa Barat,Budaya,Bandung,0,4.3,120.0
273,Curug Bugbrug,Cagar Alam,Bandung,7500,4.3,120.0
274,Babakan Siliwangi City Forest Path Bandung,Cagar Alam,Bandung,0,4.6,
275,Curug Cipanas,Cagar Alam,Bandung,20000,3.9,180.0
276,Taman Jomblo,Taman Hiburan,Bandung,10000,4.1,30.0
277,Peta Park,Taman Hiburan,Bandung,15000,4.3,
278,Masjid Daarut Tauhiid Bandung,Tempat Ibadah,Bandung,0,4.9,
279,Masjid Agung Trans Studio Bandung,Tempat Ibadah,Bandung,0,4.8,
280,Gereja Tiberias Indonesia Bandung,Tempat Ibadah,Bandung,0,4.9,
281,Tektona Waterpark,Taman Hiburan,Bandung,60000,3.8,
282,Curug Cilengkrang,Cagar Alam,Bandung,7500,4.0,60.0
283,Jembatan Pasupati,Taman Hiburan,Bandung,0,4.6,
284,Pasar Baru,Pusat Perbelanjaan,Bandung,0,4.3,
285,Taman Sejarah Bandung,Budaya,Bandung,0,4.6,45.0
286,Roemah Seni Sarasvati,Budaya,Bandung,0,4.4,
287,Puspa Iptek Sundial,Taman Hiburan,Bandung,25000,4.4,
288,Masjid Salman ITB,Tempat Ibadah,Bandung,0,4.8,
289,Curug Aseupan,Cagar Alam,Bandung,10000,4.7,
290,Museum Pendidikan Nasional,Budaya,Bandung,5000,4.6,
291,Water Park Bandung Indah,Taman Hiburan,Bandung,50000,4.0,
292,Curug Anom,Cagar Alam,Bandung,0,4.6,
293,Taman Badak,Taman Hiburan,Bandung,0,4.5,
294,Taman Film,Budaya,Bandung,0,4.3,90.0
295,Museum Nike Ardilla,Budaya,Bandung,0,4.6,
296,Batununggal Indah Club,Taman Hiburan,Bandung,70000,4.4,
297,Mountain View Golf Club,Cagar Alam,Bandung,375000,4.4,120.0
298,Gunung Lalakon,Cagar Alam,Bandung,0,4.8,
299,Sendang Geulis Kahuripan,Cagar Alam,Bandung,10000,4.3,120.0
300,Sanghyang Heuleut,Cagar Alam,Bandung,10000,4.4,
301,Lereng Anteng Panoramic Coffee Place,Cagar Alam,Bandung,50000,4.4,150.0
302,Masjid Pusdai,Tempat Ibadah,Bandung,0,4.7,
303,Masjid Al-Imtizaj,Tempat Ibadah,Bandung,0,4.7,
304,Situ Cileunca,Cagar Alam,Bandung,2500,4.4,
305,Sunrise Point Cukul,Cagar Alam,Bandung,10000,4.6,
306,Sungai Palayangan,Cagar Alam,Bandung,150000,4.6,
307,Perkebunan Teh Malabar,Cagar Alam,Bandung,5000,4.4,
308,Pemandian Air Panas Ciater,Cagar Alam,Bandung,15000,4.3,
309,Observatorium Bosscha,Cagar Alam,Bandung,25000,4.5,
310,Taman Bunga Cihideung,Cagar Alam,Bandung,0,4.1,45.0
311,The Lodge Maribaya,Cagar Alam,Bandung,25000,4.3,150.0
312,Taman Hutan Raya Ir. H. Juanda,Cagar Alam,Bandung,11000,4.5,90.0
313,Taman Begonia,Cagar Alam,Bandung,10000,4.4,90.0
314,Tafso Barn,Cagar Alam,Bandung,0,4.2,180.0
315,Curug Luhur Waterfall,Cagar Alam,Bandung,5000,4.2,
316,Curug Malela,Cagar Alam,Bandung,10000,4.4,
317,Curug Cimahi,Cagar Alam,Bandung,15000,4.6,30.0
318,Situ Patenggang,Cagar Alam,Bandung,20000,4.5,
319,Kawah Rengganis Cibuni,Cagar Alam,Bandung,5000,4.3,
320,Pemandian Air Panas Cimanggu,Cagar Alam,Bandung,23000,3.9,60.0
321,Glamping Lakeside Rancabali,Taman Hiburan,Bandung,30000,4.4,
322,Bukit Jamur,Cagar Alam,Bandung,0,4.2,
323,Kebun Tanaman Obat Sari Alam,Cagar Alam,Bandung,0,4.9,90.0
324,Happyfarm Ciwidey,Cagar Alam,Bandung,15000,4.2,90.0
325,Saung Angklung Mang Udjo,Budaya,Bandung,75000,4.7,
326,Taman Kupu-Kupu Cihanjuang,Cagar Alam,Bandung,10000,4.0,
327,Taman Miniatur Kereta Api,Taman Hiburan,Bandung,15000,4.4,
328,Gua Pawon,Cagar Alam,Bandung,10000,4.5,90.0
329,Bukit Gantole Cililin,Cagar Alam,Bandung,0,4.4,45.0
330,Bandros City Tour,Budaya,Bandung,40000,4.4,
331,Kyotoku Floating Market,Budaya,Bandung,175000,4.5,150.0
332,Rainbow Garden,Cagar Alam,Bandung,20000,4.6,90.0
333,Kota Mini,Taman Hiburan,Bandung,20000,4.4,
334,Chingu Cafe Little Seoul,Taman Hiburan,Bandung,50000,4.5,
335,Candi Gedong Songo,Budaya,Semarang,10000,4.5,
336,Grand Maerakaca,Taman Hiburan,Semarang,15000,4.4,
337,Kampung Pelangi,Taman Hiburan,Semarang,3000,4.3,30.0
338,Lawang Sewu,Budaya,Semarang,10000,4.6,
339,Sam Poo Kong Temple,Budaya,Semarang,35000,4.5,
340,Desa Wisata Lembah Kalipancur,Taman Hiburan,Semarang,0,3.9,90.0
341,Hutan Wisata Tinjomoyo Semarang,Cagar Alam,Semarang,3000,4.3,
342,Taman Kasmaran,Taman Hiburan,Semarang,3000,4.5,90.0
343,Pantai Baruna,Bahari,Semarang,3000,4.0,
344,Pantai Marina,Bahari,Semarang,3000,4.1,
345,Kampoeng Djadhoel Semarang,Budaya,Semarang,10000,4.7,
346,Indonesia Kaya Park,Taman Hiburan,Semarang,0,4.6,45.0
347,Taman Pandanaran,Taman Hiburan,Semarang,0,4.4,45.0
348,Pura Giri Natha,Budaya,Semarang,20000,4.7,
349,Wisata Mangrove Tapak,Cagar Alam,Semarang,5000,4.3,90.0
350,Pantai Cipta,Bahari,Semarang,5000,4.0,90.0
351,Old City 3D Trick Art Museum,Budaya,Semarang,50000,4.4,
352,GPIB Immanuel Semarang (Gereja Blenduk),Tempat Ibadah,Semarang,0,4.6,
353,Taman Srigunting,Taman Hiburan,Semarang,0,4.7,
354,Semarang Contemporary Art Gallery,Budaya,Semarang,10000,4.6,90.0
355,Umbul Sidomukti,Cagar Alam,Semarang,75000,4.6,
356,Saloka Theme Park,Taman Hiburan,Semarang,150000,4.4,180.0
357,Wisata Alam Wana Wisata Penggaron,Cagar Alam,Semarang,10000,4.1,45.0
358,Masjid Kapal Semarang,Tempat Ibadah,Semarang,0,4.1,
359,Taman Bunga Celosia,Cagar Alam,Semarang,25000,4.3,90.0
360,Air Terjun Kali Pancur,Cagar Alam,Semarang,5000,4.1,
361,Wisata Kampung Krisan Clapar,Taman Hiburan,Semarang,10000,4.1,
362,Danau Rawa Pening,Cagar Alam,Semarang,15000,4.4,
363,Pantai Maron,Bahari,Semarang,5000,3.4,
364,Water Blaster Bukit Candi Golf,Taman Hiburan,Semarang,80000,4.2,60.0
365,Waduk Jatibarang,Cagar Alam,Semarang,2500,4.3,
366,Tirto Argo Siwarak,Taman Hiburan,Semarang,20000,4.4,150.0
367,Wisata Lereng Kelir,Cagar Alam,Semarang,7000,4.3,
368,Kampoeng Rawa,Cagar Alam,Semarang,3000,4.5,
369,Monumen Palagan Ambarawa,Budaya,Semarang,7500,4.4,20.0
370,Benteng Pendem,Budaya,Semarang,5000,4.2,60.0
371,Wisata Eling Bening,Cagar Alam,Semarang,25000,4.3,90.0
372,Gua Maria Kerep Ambarawa,Cagar Alam,Semarang,2000,4.8,
373,Museum Kereta Ambarawa,Budaya,Semarang,10000,4.5,60.0
374,Hutan Pinus Kayon,Cagar Alam,Semarang,6000,4.4,
375,Kota Lama Semarang,Budaya,Semarang,0,4.7,90.0
376,Semarang Chinatown,Budaya,Semarang,30000,4.5,30.0
377,La Kana Chapel,Taman Hiburan,Semarang,35000,4.5,
378,Jembatan Biru Ambarawa,Taman Hiburan,Semarang,0,4.2,60.0
379,Goa Rong,Cagar Alam,Semarang,5000,4.3,
380,Masjid Agung Ungaran,Tempat Ibadah,Semarang,0,4.7,
381,Tugu Muda Semarang,Budaya,Semarang,0,4.7,
382,Kampoeng Kopi Banaran,Taman Hiburan,Semarang,200000,4.3,90.0
383,Taman Tabanas,Taman Hiburan,Semarang,0,4.4,60.0
384,Kampung Tematik Jawi,Budaya,Semarang,0,4.5,90.0
385,Kampung Batik Gedong Semarang,Budaya,Semarang,0,4.4,45.0
386,Air Terjun Semirang,Cagar Alam,Semarang,9000,4.4,
387,Obyek Wisata Goa Kreo,Cagar Alam,Semarang,5500,4.3,60.0
388,Watu Gunung Ungaran,Cagar Alam,Semarang,25000,4.4,
389,Brown Canyon,Cagar Alam,Semarang,0,4.2,30.0
390,Durian Gardens and Tourism Education Watu Simbar,Cagar Alam,Semarang,5000,4.1,45.0
391,Flower Farm Setiya Aji,Cagar Alam,Semarang,7500,4.1,45.0
392,Ekowisata Mangrove Wonorejo,Cagar Alam,Surabaya,0,4.3,60.0
393,Taman Harmoni Keputih,Cagar Alam,Surabaya,0,4.4,60.0
394,Air Mancur Menari,Taman Hiburan,Surabaya,35000,4.4,45.0
395,Taman Prestasi,Taman Hiburan,Surabaya,0,4.6,
396,Monumen Kapal Selam,Budaya,Surabaya,15000,4.4,30.0
397,Taman Kunang-Kunang,Taman Hiburan,Surabaya,0,4.4,45.0
398,Taman Buah Surabaya,Taman Hiburan,Surabaya,0,4.1,30.0
399,Taman Pelangi,Taman Hiburan,Surabaya,0,4.5,20.0
400,Hutan Bambu Keputih,Cagar Alam,Surabaya,0,4.3,25.0
401,Taman Keputran,Taman Hiburan,Surabaya,0,4.3,
402,Food Junction Grand Pakuwon,Pusat Perbelanjaan,Surabaya,0,4.5,120.0
403,Taman Barunawati,Taman Hiburan,Surabaya,0,4.2,30.0
404,Kenjeran Park,Taman Hiburan,Surabaya,35000,4.2,120.0
405,Surabaya North Quay,Taman Hiburan,Surabaya,50000,4.4,
406,Kebun Bibit Wonorejo,Cagar Alam,Surabaya,0,4.4,30.0
407,Taman Ekspresi Dan Perpustakaan,Taman Hiburan,Surabaya,0,4.5,45.0
408,Kebun Binatang Surabaya,Cagar Alam,Surabaya,15000,4.3,180.0
409,Rumah Batik,Budaya,Surabaya,0,4.5,15.0
410,Ciputra Waterpark,Taman Hiburan,Surabaya,95000,4.3,90.0
411,Masjid Muhammad Cheng Hoo,Tempat Ibadah,Surabaya,0,4.7,
412,Masjid Nasional Al-Akbar,Tempat Ibadah,Surabaya,0,4.9,
413,Museum TNI AL Loka Jala Crana,Budaya,Surabaya,2000,4.5,
414,Jembatan Merah,Budaya,Surabaya,0,4.5,30.0
415,Museum De Javasche Bank,Budaya,Surabaya,5000,4.6,60.0
416,Keraton Surabaya,Budaya,Surabaya,0,4.4,
417,Klenteng Sanggar Agung,Budaya,Surabaya,10000,4.5,
418,Museum Sepuluh Nopember Kota Surabaya,Budaya,Surabaya,5000,4.7,
419,Monumen Tugu Pahlawan,Budaya,Surabaya,0,4.7,30.0
420,Surabaya Museum (Gedung Siola),Budaya,Surabaya,0,4.5,45.0
421,Museum Kesehatan Dr. Adhyatma,Budaya,Surabaya,10000,4.4,
422,Monumen Jalesveva Jayamahe,Budaya,Surabaya,0,4.6,15.0
423,Patung Sura dan Buaya,Budaya,Surabaya,0,4.6,30.0
424,Pantai Ria Kenjeran,Bahari,Surabaya,15000,4.2,45.0
425,Waterpark Kenjeran Surabaya,Taman Hiburan,Surabaya,35000,4.1,
426,Balai Kota Surabaya,Budaya,Surabaya,0,4.7,60.0
427,Patung Buddha Empat Rupa,Budaya,Surabaya,0,4.3,
428,Monumen Bambu Runcing Surabaya,Budaya,Surabaya,0,4.6,15.0
429,House of Sampoerna,Budaya,Surabaya,0,4.6,30.0
430,Atlantis Land Surabaya,Taman Hiburan,Surabaya,125000,4.4,120.0
431,Taman Hiburan Rakyat,Taman Hiburan,Surabaya,5000,4.2,
432,Taman Mundu,Taman Hiburan,Surabaya,0,4.4,30.0
433,Museum Mpu Tantular,Budaya,Surabaya,2000,4.4,45.0
434,Taman Bungkul,Taman Hiburan,Surabaya,0,4.6,
435,Taman Air Mancur Menari Kenjeran,Taman Hiburan,Surabaya,0,4.4,45.0
436,Taman Flora Bratang Surabaya,Taman Hiburan,Surabaya,0,4.6,
437,Gereja Perawan Maria Tak Berdosa Surabaya,Tempat Ibadah,Surabaya,10000,4.8,
